,Trip_Distance_km,Passenger_Count,Base_Fare,Per_Km_Rate,Per_Minute_Rate,Trip_Duration_Minutes,Trip_Price
0,19.35,3.0,3.56,0.8,0.32,53.82,36.2624
1,36.87,1.0,2.7,1.21,0.15,37.27,52.9032
2,30.33,4.0,3.48,0.51,0.15,116.81,36.4698
3,8.633199999999995,3.0,2.93,0.63,0.32,22.64,15.618000000000002
4,8.64,2.0,2.55,1.71,0.48,89.33,60.2028
5,3.85,4.0,3.51,1.66,0.37529999999999997,5.05,11.2645
6,43.44,3.0,2.97,1.87,0.23,65.68250000000002,101.1216
7,35.7,2.0,3.39,1.52,0.47,60.976000000000006,75.5657
8,7.772500000000001,4.0,2.4,0.58,0.43,26.34,14.892
9,41.79,3.0,4.6,1.77,0.11,86.95,88.13279999999999
10,11.4,3.0,4.12,1.2369999999999997,0.15,84.12,36.118
11,9.91,2.0,2.32,1.26,0.34,41.72,28.9914
12,9.99,4.0,4.33,0.85,0.43,34.0,27.4415
13,15.91,4.0,4.42,1.77,0.21,114.93,56.716
14,26.71,4.0,4.3,1.59,0.2,111.18,69.0049
15,22.17,4.0,2.34,1.97,0.41,57.59,69.6268
16,15.27,2.26,3.93,0.73,0.12,70.8109,27.3543
17,30.98,1.0,4.5,0.84,0.25,57.02,44.7782
18,7.84,4.0,3.73,0.82,0.3,53.8,26.2988
20,18.95,1.0,3.38,0.78,0.39,54.04,39.2366
21,23.35,3.0,3.59,0.6,0.24,66.8,33.632000000000005
22,39.47,1.0,3.854999999999998,1.7616000000000005,0.35,7.59,83.69649999999999
23,10.78,3.0,3.92,0.54,0.33,56.07,28.2443
25,30.03,1.0,3.31,1.05,0.36,83.21,64.7971
26,3.28,2.0,2.88,1.76,0.2,78.04,24.260800000000003
27,30.77,1.0,3.64,1.33,0.13,109.6,58.8121
28,9.36,1.0,2.4,1.85,0.15,7.07,20.7765
29,47.5,2.2,4.39,0.51,0.3,95.55,57.28
30,48.32,2.0,2.49,0.61,0.44,67.25,61.5552
31,40.61,1.0,2.31,0.88,0.38,42.25,54.1018
32,15.93,2.0,2.44,1.5,0.42,20.67,35.016400000000004
33,5.79,4.0,4.63,1.83,0.24,107.07,40.9225
34,34.53,3.0,3.58,1.2578000000000003,0.26,59.14,60.0471
35,22.57,1.0,3.4,1.41,0.27100000000000013,105.98,62.77850000000001
36,6.98,2.0,2.32,0.78,0.18,72.37,20.791
37,25.26,2.0,3.95,1.71,0.12,82.53,57.0482
38,2.69,4.0,4.6,1.95,0.34,97.49,42.9921
39,45.56,2.73,2.9341000000000004,0.9,0.5,80.8,85.88400000000001
40,13.68,3.0,3.88,1.0037000000000011,0.17,50.78,29.4758
41,33.46,2.0,2.23,0.63,0.12,64.07,30.9982
42,16.27,1.0,2.34,1.4493000000000003,0.41,97.35,64.05529999999999
43,26.48,3.0,2.15,1.25,0.2,47.97,44.844
44,27.79,2.0,2.77,0.72,0.43,49.63,44.1197
45,10.06,2.0,2.41,1.16,0.38,16.0,20.1596
46,48.51,3.0,3.4338999999999995,1.0,0.48,110.18,104.1764
47,38.98,3.0,3.16,1.28,0.26,15.47,57.0766
48,47.04,4.0,4.83,1.38,0.36,79.54,98.3796
49,44.85,1.0,3.83,0.51,0.29,52.52,41.9343
50,30.3,1.0,4.5,1.64,0.35,51.65,72.2695
51,46.17,4.0,4.13,1.57,0.28,83.15,99.8989
52,5.34,2.0,2.34,0.9736000000000002,0.18,12.72,10.2366
53,10.6,3.0,4.21,0.7864000000000003,0.3,73.28,32.342
54,3.22,3.0,2.83,1.63,0.31,93.78,37.1504
55,16.94,3.0,3.92,1.93,0.42,100.24,78.715
56,20.05,2.0,3.02,0.86,0.39,24.61,29.8609
57,14.3,3.0,4.99,0.99,0.37,108.2,59.181
58,41.61,3.0,2.79,0.78,0.15,70.74529999999997,47.314800000000005
59,18.48,4.0,2.84,1.37,0.39,106.41,69.6575
61,27.59,1.0,2.07,1.03,0.46,67.33,61.459500000000006
62,7.91,4.0,4.09,1.55,0.47,110.69,68.3748
63,40.31,4.0,4.18,1.34,0.12,108.49,71.2142
64,4.65,1.0,4.51,1.08,0.43,56.54,33.8442
65,49.36,4.0,4.92,1.13,0.12,36.56,65.084
66,38.84,2.0,4.93,1.34,0.25,50.21,69.52810000000001
67,10.74,3.0,2.2,0.51,0.32,49.59,23.5462
68,1.27,2.0,4.47,0.62,0.16,37.99,11.3358
69,40.96,1.0,3.94,1.82,0.4,35.89,92.8432
70,35.64,1.0,3.94,0.62,0.1,104.02,36.4388
71,36.72,2.84,2.39,1.56,0.17,13.03,61.8883
72,38.79,2.0,3.95,1.88,0.33,82.93,104.2421
73,4.63,2.65,4.95,0.91,0.39,24.87,18.8626
74,18.56,1.0,4.74,1.4042,0.47,44.62,45.385000000000005
75,6.68,2.0,3.32,1.35,0.38,12.08,16.9284
76,43.29,1.0,2.12,1.82,0.37,36.05,94.2463
77,31.54,2.0,3.09,1.91,0.26,93.37,87.6076
78,17.21,2.0,4.48,1.61,0.1,106.78,42.8661
79,4.11,2.0,4.1,0.63,0.15,30.48,11.2613
80,18.149900000000002,1.0,3.38,1.5,0.31,58.31,45.8161
81,16.93,4.0,2.17,1.12,0.37,59.09,42.9949
82,36.75,2.0,3.28,1.21,0.27,105.46,76.2217
83,28.652699999999992,1.0,3.41,0.57,0.39,92.72,57.9476
84,44.47,1.0,4.79,0.79,0.31,64.0,59.761300000000006
85,24.14,2.0,3.92,1.69,0.17069999999999994,82.14,55.3948
86,6.86,2.0,2.93,1.18,0.18,102.45,29.4658
87,35.95,4.0,3.58,0.95,0.44,6.1,40.4165
88,38.28,1.0,3.4375999999999993,1.08,0.39,51.33,63.56110000000001
89,28.5,1.0,4.92,1.78,0.46,109.33,105.9418
90,29.4067,1.0,3.43,0.91,0.5,67.43,60.077
91,26.61,4.0,3.07,0.68,0.18,65.91,33.0286
92,21.95,3.0,4.05,0.88,0.1,44.99,27.865
93,2.25,3.0,3.99,1.88,0.5,65.76930000000002,40.65
94,6.29,3.0,4.15,1.37,0.21,80.37,29.645000000000003
95,2.54,2.71,2.8,1.3,0.37,53.11,25.7527
96,32.18,2.0,2.95,1.39,0.17,87.13,62.4923
97,16.4,1.0,2.38,1.05,0.33,104.04,53.9332
98,25.92,3.0,3.97,1.71,0.46,22.79,58.7766
99,45.47,4.0,2.12,1.28,0.23,56.93,73.4155
100,13.22,2.0,3.79,0.68,0.37,51.92,31.99
101,21.11,4.0,4.61,0.69,0.18,84.06,34.3067
102,38.02,4.0,3.7912999999999992,1.31,0.35,33.73,66.2817
105,10.453800000000012,2.0,4.01,1.65,0.17,109.77,37.355900000000005
106,46.56,3.0,4.46,0.87,0.46,119.21,99.8038
107,40.6,3.0,2.73,0.55,0.26,17.2,29.532000000000004
108,32.04,3.0,3.26,0.65,0.2,31.8,30.446
109,43.7,3.0,4.52,1.59,0.28,114.29,106.0042
110,40.38,1.0,3.498999999999998,0.8,0.23,115.21,63.432300000000005
111,10.14,3.0,2.73,1.06,0.4,16.24,19.974400000000003
112,44.74,2.0,3.65,1.25,0.49,6.72,62.8678
113,27.43,4.0,2.58,1.59,0.28,23.53,52.7821
114,40.56,3.0,2.31,0.67,0.44,119.54,82.0828
115,44.91,1.0,4.73,1.11,0.33,25.7,63.0611
116,6.39,4.0,4.28,1.31,0.38,102.57,51.6275
117,12.17,4.0,2.15,1.73,0.31,7.35,25.4826
118,21.93,3.0,4.53,0.76,0.3280000000000002,74.52,48.024
119,41.08,4.0,3.31,1.71,0.46,36.86,90.5124
120,43.18,3.0,3.03,1.54,0.29020000000000007,104.17,98.6948
121,1.34,3.0,3.64,1.33,0.46,37.6,22.718200000000003
122,26.03,2.0,2.27,1.55,0.4,83.98,76.20850000000002
123,21.45,2.0,4.27,1.12,0.3,82.54,53.056
124,11.88,1.0,3.75,0.71,0.34,30.47,22.544600000000003
125,6.87,2.0,2.56,1.5,0.23,9.0,14.935
126,17.54,2.0,2.56,1.29,0.49,52.06,50.696
127,42.548799999999986,3.0,2.55,1.46,0.37,38.26,85.6182
128,16.84,2.0,2.17,1.01,0.12,98.03,30.942000000000004
129,26.42,3.0,3.76,1.86,0.23,97.04,75.22040000000001
130,39.82409999999999,3.0,4.52,1.38,0.35,57.56,73.587
131,18.82,2.0,2.05,0.63,0.12,74.75,22.8766
132,48.62,1.0,2.15,1.17,0.11,74.49,67.2293
133,48.16,1.0,3.72,1.63,0.28,100.12,110.2544
135,24.503299999999996,4.0,2.98,1.24,0.28,36.68,44.7092
136,15.74,2.0,3.05,1.84,0.21,35.48,39.4624
137,14.96,1.0,3.79,0.9,0.17,66.66,28.5862
138,2.81,3.0,2.82,1.12,0.38,56.65,27.4942
139,30.87,4.0,2.08,1.85,0.31,55.61,76.4286
140,25.63,3.0,4.21,1.7058000000000004,0.18,15.48,54.1556
141,3.52,4.0,3.88,1.53,0.23,87.64,29.4228
142,14.65,2.0,3.74,1.79,0.3262000000000002,29.58,40.020700000000005
143,45.51,1.0,4.23,0.63,0.13,27.65,36.4958
144,12.74,4.0,4.03,1.8,0.16,52.47,35.357200000000006
145,8.1,1.0,2.62,0.98,0.13,31.19,14.6127
146,24.98,3.0,3.06,0.77,0.42,72.14,52.5934
147,49.3,2.0,2.38,0.86,0.4,47.72,63.866
148,12.86,1.0,2.39,1.13,0.4,56.62,39.5698
149,33.93,2.0,3.314600000000001,0.88,0.39,66.77,59.92869999999999
150,38.32,1.0,4.58,0.98,0.37,28.41,52.6453
151,12.64,3.0,3.3270000000000017,0.7,0.29,22.91,20.3819
152,36.68,3.0,3.89,0.94,0.36,106.25,76.6192
153,19.02,2.0,2.55,1.36,0.12,54.88,35.0028
154,31.98,3.0,2.32,1.16,0.35,52.39,57.7533
155,32.04,4.0,4.44,1.02,0.41,9.1,40.8518
156,27.25,1.0,3.74,1.62,0.3,68.1929,66.566
157,5.42,3.0,3.85,1.84,0.24,68.73,30.318
158,41.93,4.0,4.34,1.64,0.21,69.27,87.6519
159,16.465800000000016,2.0,4.11,1.0,0.36,86.31,51.9016
160,3.0,2.0,2.17,0.73,0.45,34.01,19.6645
161,29.95,2.0,4.24,0.7,0.24,98.23,48.7802
162,34.2,1.0,4.55,1.02,0.41,113.92,86.1412
163,1.81,1.0,2.86,1.71,0.32,20.63,12.5567
164,26.09,4.0,3.92,0.87,0.45,62.23,54.62179999999999
165,12.1,2.71,3.365,0.59,0.31,18.576600000000003,19.2643
166,32.61,1.0,3.430899999999998,0.7,0.31,11.91,31.3891
167,9.54,1.0,2.1,1.79,0.33,42.43,33.1785
168,34.86,4.0,3.74,1.45,0.4,21.52,62.895
169,7.74,1.0,2.848100000000002,1.29,0.12,21.54,15.0994
170,17.71,4.0,2.71,1.48,0.48,6.06,31.829600000000003
171,6.56,3.0,3.48,0.85,0.31,97.94,39.4174
172,46.31,1.0,4.74,1.8,0.35,45.500699999999995,96.939
173,43.99,2.0,2.64,0.96,0.29,74.71,66.5363
174,13.64,4.0,2.43,1.54,0.14,43.75,29.5606
175,33.34,1.0,4.28,0.52,0.41,72.33,51.2721
176,41.04,1.0,3.5,1.06,0.4,41.3,63.522400000000005
177,28.2,2.0,4.74,1.03,0.22,15.0,37.086
178,26.95,2.0,2.44,1.32,0.22,43.54579999999997,44.7548
179,12.85,4.0,3.94,0.61,0.2802999999999999,26.63,23.4957
180,5.56,4.0,3.4067000000000007,1.69,0.13,54.22,19.145
181,40.834599999999995,2.0,2.47,0.83,0.45,80.7,76.1018
182,45.12,4.0,3.310099999999999,1.52,0.2,35.34,79.70039999999999
183,32.02,2.0,3.78,1.7,0.34,6.39,60.38660000000001
184,17.61,1.0,4.26,1.34,0.47,64.68,58.257000000000005
185,18.11,2.0,2.93,1.61,0.37,74.66,59.7113
186,39.44799999999999,2.0,3.34,1.49,0.27,115.73,89.0764
187,42.49889999999999,3.0,3.22,1.03,0.38,72.79,77.18900000000001
188,44.47,2.0,4.95,1.71,0.24,59.18,95.1969
189,39.21,2.0,2.88,0.94,0.21,70.94,54.6348
190,32.46,3.0,2.88,1.36,0.5,111.71,102.8806
191,5.12,4.0,2.8412999999999986,1.62,0.4,97.5512,51.45840000000001
192,8.92,3.0,3.69,1.07,0.36,42.14,28.4048
193,45.03,1.0,2.76,0.95,0.24,32.28,53.2857
194,30.72,3.0,4.75,1.19,0.12,35.2,45.5308
195,1.45,1.0,2.8,1.73,0.21219999999999994,63.01,12.2396
196,5.97,4.0,4.69,1.89,0.32,90.57,44.95569999999999
197,1.25,3.0,3.97,1.49,0.31,12.8,9.8005
198,8.88,4.0,4.72,1.85,0.44,88.21,59.96039999999999
199,27.89,1.0,2.51,0.65,0.11,97.69,31.3844
200,34.9,3.0,4.9,0.85,0.25,38.29,44.1375
201,11.99,2.13,4.84,1.74,0.28,54.06,40.839400000000005
202,12.63,3.0,2.9,1.12,0.48,102.2,66.10159999999999
203,16.94,4.0,2.56,0.63,0.19,65.42,25.662
204,37.58,4.0,2.91,1.16,0.47,84.52,86.22719999999998
205,32.83,1.0,3.848699999999998,0.85,0.27,106.59,58.9648
206,42.61,3.0,2.43,0.94,0.49,62.01,72.86829999999999
207,33.22,1.0,2.31,1.66,0.32,41.02,70.5816
208,28.85,1.0,3.27,0.61,0.47,91.67,63.9534
209,5.59,2.0,4.39,1.2515999999999992,0.1,30.31,17.147599999999997
210,19.02,2.0,2.42,1.14,0.4,49.68,43.9748
211,13.99,4.0,2.39,1.39,0.46,104.56,69.9337
213,48.68,4.0,2.59,1.01,0.14,51.44,58.9584
214,20.26,3.0,2.29,0.63,0.27,29.7,23.0728
215,31.93,1.0,4.77,1.71,0.32,37.67,71.4247
216,39.95,3.0,4.46,1.19,0.31,25.25,59.828
217,25.63,3.0,3.06,0.84,0.16,76.06390000000003,39.066
218,29.27,4.0,3.97,1.9,0.1,33.99,62.982
219,25.13,4.0,3.61,1.02,0.42,57.23,53.2792
220,6.802599999999996,3.0,4.03,0.74,0.14,49.37,18.7636
221,36.4,4.0,4.05,1.34,0.33759999999999996,117.94,94.105
222,14.76,3.0,3.89,1.92,0.47,49.98,55.71979999999999
223,2.19,1.0,2.8,0.51,0.18,14.2,6.472899999999999
224,32.63,1.0,2.12,0.86,0.37,15.33,35.8539
225,9.68,2.0,3.37,1.91,0.13,72.94,31.341
226,47.08,1.0,4.67,0.76,0.34,73.93,65.587
227,47.74,3.0,3.71,0.67,0.17,53.16,44.733
228,45.83,4.0,4.5,1.36,0.39,54.66,88.1462
229,19.14,2.0,4.97,1.79,0.22,11.2,41.6946
230,1.76,2.68,2.49,1.22,0.29,64.4,23.3132
231,46.49,3.0,4.08,1.99,0.34,63.05,118.0321
232,21.98,1.0,4.02,1.52,0.17,22.2,41.2036
233,48.37,2.0,4.94,0.61,0.4,34.95060000000001,41.2217
234,48.22,3.0,4.96,1.99,0.22,19.21,105.144
235,42.8,2.12,4.06,1.11,0.36,16.62,57.55120000000001
236,15.43,2.0,2.73,0.93,0.16,75.12,29.0991
237,19.87,1.0,4.4,1.34,0.38,27.6,41.5138
238,42.71,3.0,2.32,0.8714000000000003,0.15,33.91,48.4081
239,16.53,4.0,4.34,0.63,0.27,24.96,21.4931
240,9.31,2.0,4.73,0.5,0.2,115.15,32.415000000000006
241,28.28,2.0,3.15,1.17,0.4,103.28,77.5496
242,46.87,4.0,3.89,1.76,0.2,31.51,92.6832
243,35.11,3.0,3.29,1.36,0.45,42.67,70.2411
244,28.93,2.0,3.31,2.0,0.46,29.14,74.5744
245,5.76,2.0,2.93,0.93,0.18,61.57,19.3694
246,31.14,2.0,4.29,0.92,0.35,7.26,35.4798
247,37.3,3.0,4.21,1.86,0.35,97.47,107.7025
248,35.15,1.0,2.76,1.7704999999999993,0.21,96.08,91.8308
251,19.031600000000005,3.0,4.74,0.99,0.39,24.57,29.5584
252,40.66,2.0,3.9,0.67,0.3,34.29,41.4292
253,40.7,2.0,4.16,1.81,0.38,35.27,91.2296
254,43.49,1.0,2.77,1.45,0.2,68.97,79.6245
255,45.75,3.0,4.16,0.75,0.23,52.31,50.5038
256,40.12,2.58,3.88,1.61,0.24,116.97,96.546
257,32.85,4.0,2.44,1.18,0.42,31.52,54.4414
258,35.4,3.0,4.47,1.98,0.46,93.88,117.7468
259,39.99,2.0,2.71,0.58,0.31,43.98,39.538
260,44.61,1.9,3.96,1.03,0.28,21.45,55.9143
261,17.56,1.0,3.22,1.22,0.11,103.66,36.0458
262,23.799499999999995,1.0,3.79,1.25,0.45,40.52,46.274
263,5.61,1.0,2.32,0.97,0.11,48.91520000000002,16.6464
264,29.34,2.0,2.05,1.59,0.48,70.14,82.3678
265,23.81,1.0,2.81,1.91,0.24,62.02,63.1719
267,15.04,1.0,5.0,1.78,0.11,15.09,33.4311
268,29.95,4.0,2.63,1.33,0.33,81.84,69.47070000000001
269,2.49,2.27,2.8,1.74,0.32,108.02,41.699
270,2.83,1.0,3.99,0.96,0.19,11.65,8.920300000000001
271,41.31,1.95,4.9,1.1,0.30940000000000006,21.18,56.05960000000001
272,18.65,1.0,4.75,0.98,0.36,87.41,54.49459999999999
273,7.23,1.0,3.51,1.2,0.39,55.29,33.7491
274,26.59,2.0,4.39,0.93,0.1,51.41,34.2597
275,38.73,2.81,2.41,1.94,0.47,20.75,87.29869999999998
276,11.58,3.0,4.93,0.97,0.17,63.28,26.9202
277,31.52,1.0,4.89,0.65,0.19,19.55,29.0925
278,5.18,2.0,2.49,1.29,0.21,59.81,21.7323
279,3.53,1.0,2.9,0.59,0.12,92.82,16.1211
280,27.04,2.0,2.3,0.67,0.15,48.60290000000002,25.6218
282,32.23,3.0,4.45,1.2,0.23,119.08,70.5144
283,36.58,4.0,3.13,1.15,0.15,83.96,57.791
284,48.82,2.0,2.27,1.7,0.14,101.76,99.5104
285,26.3,2.0,3.03,1.61,0.39,52.71,65.9299
286,16.82,4.0,4.94,1.14,0.44,93.3,65.1668
287,39.96,4.0,3.89,1.0,0.2,9.66,45.782
288,14.27,2.0,3.25,0.97,0.11,19.13,19.1962
289,22.51,4.0,2.5,1.66,0.19,28.35,45.2531
290,4.84,3.0,4.96,0.58,0.12,51.22,13.9136
291,2.24,1.0,4.46,0.52,0.14,102.26,19.9412
292,48.17,3.0,3.8131000000000013,1.69,0.27,44.82,96.3487
293,41.96,4.0,2.21,1.22,0.19,80.28,68.65440000000001
294,35.1,2.0,2.17,0.7,0.31,86.57,53.5767
295,21.04,2.0,2.36,0.85,0.2,72.41,34.726
296,9.49,3.0,3.74,1.9,0.48,46.08,43.8894
297,8.67,2.0,4.79,1.79,0.46,71.36,53.1349
298,13.26,4.0,3.49,1.56,0.33,44.36,38.814400000000006
299,27.91,3.0,4.53,1.22,0.24,34.437999999999995,42.0962
300,36.02,2.0,3.34,1.28,0.3303999999999997,119.17,79.2381
301,33.35,1.0,4.13,1.96,0.26,19.63,74.59979999999999
302,14.72,2.55,4.2,1.95,0.39,13.32,38.0988
303,47.79,4.0,2.52,0.82,0.28,106.03,71.3962
304,37.16,2.0,3.08,1.72,0.44,39.71,84.4676
305,28.16,2.27,3.91,0.8,0.48,79.78,64.7324
306,33.93190000000002,3.0,2.21,0.82,0.23,42.84,37.4586
307,13.14,3.0,3.6,1.11,0.14,35.14,23.105000000000004
308,18.44,2.0,4.99,1.9,0.18,44.45,48.027
309,38.13,4.0,3.42,0.63,0.27,52.23,41.544
310,1.71,4.0,4.45,1.27,0.18,87.85,22.4347
311,6.69,4.0,3.3,1.88,0.45,77.88290000000002,44.6007
312,3.25,3.0,4.39,1.86,0.16,82.65499999999999,28.5966
313,3.0,1.0,3.79,0.73,0.28,9.82,8.729600000000001
314,42.92,3.0,4.66,1.05,0.34,62.85,71.095
315,35.48,3.0,3.23,1.43,0.38,72.19,81.39859999999999
317,5.79,2.0,3.89,1.95,0.45,10.65,19.973
318,25.09,2.0,3.25,1.87,0.33,70.95,73.5818
319,24.2,1.0,2.43,0.75,0.28,103.17,49.4676
320,9.49,1.0,2.28,0.68,0.13,32.82,12.9998
321,22.26,2.0,3.399199999999999,0.63,0.29,105.77,46.7471
322,21.7685,2.38,4.62,1.86,0.43,7.19,45.89750000000001
323,31.18,1.0,2.71,0.79,0.35,89.23,58.5727
324,32.12,4.0,2.63,1.12,0.43,112.31,86.89770000000001
325,3.22,1.0,4.21,1.17,0.3,80.58,32.151399999999995
326,19.36,1.0,2.96,1.4,0.15,55.49,38.3875
327,31.67,1.0,3.52,0.7033999999999999,0.11,10.16,23.9563
328,25.65,2.0,2.49,0.84,0.22,110.81,48.4142
329,42.97,4.0,4.88,1.9,0.38,59.08,108.9734
330,33.28,1.0,4.55,1.86,0.42,8.33,69.9494
331,8.98,2.0,4.59,1.67,0.22,84.33,38.1392
332,4.46,3.0,3.22,0.53,0.3,60.41,23.7068
333,32.48,3.0,4.29,0.99,0.27,19.3,41.65619999999999
334,2.3,1.98,2.43,1.44,0.26,29.64,13.4484
335,27.250500000000017,3.0,2.03,0.91,0.19,12.42,31.4168
336,47.07,4.0,2.06,1.86,0.15,71.04,100.2662
337,29.2,3.0,3.76,1.45,0.18,76.53,59.87539999999999
338,20.02,3.0,3.37,0.61,0.12,63.16,23.1614
339,32.52,4.0,3.55,1.86,0.18,98.97,81.85180000000001
340,23.45,1.0,2.02,1.94,0.1,104.02,57.915
341,27.74,1.0,3.4551999999999987,0.62,0.35,75.8,46.9988
342,47.13,4.0,4.15,1.3,0.23,6.47,66.90710000000001
343,19.92,4.0,3.33,0.96,0.49,84.95,64.0787
344,42.290300000000016,4.0,4.2,1.09,0.18,59.182599999999994,66.1816
345,45.36,3.0,2.7,0.77,0.24,70.04,54.436800000000005
346,10.59,4.0,4.44,1.4975999999999998,0.24,79.64,38.0619
347,4.4,2.0,3.77,1.94,0.1,45.28,16.834
348,5.94,3.0,2.63,1.25,0.44,110.47,58.6618
349,1.89,1.0,2.71,0.62,0.11,20.41,6.1269
350,5.63,1.0,3.88,1.43,0.44299999999999945,82.22,51.39649999999999
351,34.47,1.0,4.49,1.01,0.46,5.5,41.834700000000005
352,4.49,3.0,3.25,1.78,0.31,111.33,45.75449999999999
353,16.63,2.0,2.77,1.15,0.32,17.94,27.6353
354,42.4,4.0,4.6,0.79,0.36,15.91,43.823600000000006
355,2.14,4.0,4.01,0.79,0.25,43.3,16.525599999999997
356,40.91,1.0,3.34,1.65,0.36,47.96,88.1071
357,14.81,1.0,3.46,0.9,0.12,29.64,20.3458
358,6.79,3.0,2.61,1.65,0.12,72.29,22.4883
359,35.14,2.0,3.88,0.81,0.28,55.94,48.006600000000006
360,31.82,4.0,3.08,0.98,0.32,8.93,37.1212
361,44.0,3.0,4.99,1.2,0.46,41.76,76.9996
362,37.02,4.0,3.44,1.91,0.14,82.83310000000004,87.89620000000001
363,40.37,1.0,3.46,1.9,0.43,84.32,116.42059999999998
364,14.82,4.0,3.7,0.81,0.18,88.36,31.609
365,9.69,2.0,4.75,1.04,0.26,85.28,37.0004
366,37.78,2.0,4.4,0.72,0.23,40.76,40.9764
367,40.53,1.0,3.35,1.26,0.26,16.46,58.6974
368,49.53,2.0,4.16,1.19,0.16,36.33,68.9135
369,21.22,2.0,3.76,1.85,0.3,100.66,73.21499999999999
370,19.23,3.0,3.48,1.9,0.42,117.75,89.472
371,39.04,4.0,3.8132000000000006,1.08,0.28,61.79,62.0444
372,17.7,1.0,3.39,1.24,0.3,6.12,27.174
373,46.61,1.0,2.74,1.84,0.44,21.11,97.7908
374,43.06,1.0,4.74,1.71,0.38,42.04,94.3478
375,37.79,1.0,4.86,0.98,0.2,13.64,44.6222
376,37.97,2.0,3.6,1.13,0.45,113.49,97.57659999999998
377,6.05,3.0,3.89,0.84,0.33,46.98,24.4754
378,40.658999999999985,1.0,3.63,0.8,0.19,109.95,60.7045
379,25.76,3.0,2.39,0.56,0.21,94.76,36.7152
380,41.5,3.0,3.13,1.47,0.42,91.88,102.72459999999998
381,18.175599999999985,2.0,2.3,0.89,0.12,74.77,26.1176
382,44.88,1.0,3.87,0.58,0.5,77.08,68.4404
383,20.07,2.0,3.34,0.85,0.15,78.37,32.155
384,45.36,2.2,2.66,1.78,0.26,68.68,101.2576
385,5.47,3.0,2.49,1.22,0.32189999999999985,118.44,44.69539999999999
388,47.58,3.0,4.13,0.8,0.31,105.33,74.8463
389,29.1,4.0,3.26,0.82,0.12,29.8,30.698
390,31.96,3.0,3.55,0.94,0.22470000000000012,14.64,35.0564
391,22.97,2.0,2.25,0.76,0.2,60.53,31.8132
392,15.37,1.0,4.95,1.07,0.37,64.12,45.1203
393,19.816799999999997,3.0,4.0,1.87,0.15,100.36,51.031000000000006
394,33.95,2.0,2.86,1.42,0.15,59.779100000000035,59.475
395,37.87,1.0,3.76,1.0996000000000001,0.26,70.65,64.5434
396,39.79,1.0,2.33,1.9,0.36,73.90590000000003,101.5506
397,39.69,3.0,4.9,0.57,0.38,31.712099999999985,31.0915
398,5.47,1.0,2.52,0.82,0.17,75.75,19.8829
399,25.23,3.0,3.94,1.35,0.13,100.22,51.0291
400,6.4157999999999955,1.0,3.4689999999999994,1.42,0.48,23.11,19.2572
401,27.93,4.0,4.15,0.56,0.2,73.35,34.4608
402,44.5,4.0,4.02,1.47,0.45,23.88,80.18099999999998
403,16.503600000000002,2.26,3.84,1.55,0.41,19.2,39.9065
404,6.74,4.0,4.68,1.46,0.17,117.71,34.5311
405,8.01,3.0,3.2669000000000006,0.98,0.43,50.28,31.7102
406,38.31,1.0,2.99,0.64,0.41,31.15,40.2799
407,31.29,1.0,2.74,1.14,0.34,24.7,46.8086
408,5.96,2.8,4.96,0.69,0.23,81.77,27.8795
409,5.12,4.0,3.17,1.92,0.21,75.09,28.7693
410,35.35,1.0,4.2,1.21,0.15,79.01,58.825
411,4.57,2.0,4.05,0.98,0.3,15.12,13.0646
412,41.27,1.0,2.64,1.65,0.33,107.76,106.2963
413,36.45390000000002,2.0,2.72,1.25,0.24,49.77,59.1773
414,6.6368000000000045,4.0,2.84,0.97,0.29,41.04,19.5819
415,5.16,2.0,3.23,1.72,0.25,58.17,26.6477
416,49.35,2.0,2.7,1.8,0.36,49.86,109.4796
417,19.34,2.0,2.06,1.51,0.46,104.31,79.24600000000001
418,19.16,2.0,4.64,0.57,0.12959999999999994,111.87,34.5791
419,40.83,1.0,4.9,1.35,0.2844000000000001,39.9,69.99549999999999
420,47.42,2.0,3.02,1.64,0.16,104.35,97.4848
421,42.0312,1.0,3.02,0.7,0.35,94.88,70.745
422,37.92,2.0,2.02,0.84,0.39,112.04,77.56840000000001
423,19.44,2.58,4.04,1.82,0.47,33.26,55.053
424,39.08,2.07,2.44,1.63,0.36950000000000016,36.57,83.694
425,28.36,3.0,2.48,1.21,0.13,99.77,49.7657
426,21.79,2.0,4.37,1.17,0.34,5.61,31.7717
427,45.41,2.0,3.85,0.51,0.12,69.95,35.4031
428,6.45,2.0,2.13,1.73,0.46,44.01,33.5331
429,25.14,3.0,3.87,1.04,0.31,42.11,43.069700000000005
430,1.56,4.0,2.93,1.31,0.37,79.16,34.2628
431,23.96,3.0,3.11,1.52,0.43,102.92,83.7848
432,3.76,4.0,4.31,1.55,0.16,75.06,22.1476
433,6.82,2.0,4.43,1.93,0.12,103.11,29.965799999999994
434,6.76,2.6,3.2,1.3,0.45,35.43,27.9315
435,32.81,2.28,4.84,1.0443999999999998,0.23,64.74,55.82120000000001
436,37.56,4.0,3.22,1.93,0.15,56.81,84.23230000000001
437,29.59,3.0,4.32,1.46,0.29,6.34,49.36
438,48.15,2.0,3.45,0.95,0.34,69.03,72.6627
439,19.37,3.0,4.69,0.69,0.11,81.08,26.9741
440,15.0,3.0,4.72,1.76,0.21,73.07,46.46469999999999
441,43.56,3.0,2.26,1.04,0.11,89.67,57.426100000000005
442,11.96,2.0,4.81,1.49,0.27,70.7,41.71940000000001
443,48.2,3.0,4.48,1.21,0.46,12.68,68.63480000000001
444,6.602100000000004,3.0,4.37,0.8,0.49,18.39,14.6611
445,48.52,2.0,2.6,1.4,0.35,73.59,96.2845
446,3.11,3.0,4.42,0.59,0.16,36.62,12.1141
447,44.67,2.0,4.55,1.12,0.46,14.16,61.09400000000001
448,26.86,4.0,2.87,1.32,0.31,54.4,55.1892
449,49.66,4.0,4.86,1.15,0.16,68.75,72.969
450,7.801799999999998,2.71,2.15,1.62,0.47,42.81,29.7551
451,28.14,3.0,2.45,1.4316,0.4,87.85,86.5536
452,48.5,1.0,3.61,1.66,0.39,79.03,114.9417
453,26.63,1.0,3.73,0.56,0.38,43.27,35.08540000000001
454,31.84,3.0,3.94,0.79,0.18,91.81,45.6194
456,23.27,2.0,4.88,1.9,0.38,78.31,78.85079999999999
457,31.75,1.0,2.13,1.75,0.19,68.64,70.7341
458,29.63,3.0,2.43,1.76,0.28,6.31,56.345600000000005
459,45.16,3.0,2.04,0.9569000000000001,0.41,85.1,79.833
460,3.23,2.0,3.7,1.14,0.41,48.24,27.1606
461,14.77,4.0,4.8,1.21,0.28,113.4,54.42370000000001
462,47.57,2.76,4.0,0.74,0.42,99.07,80.81119999999999
463,44.62,2.0,4.47,0.55,0.44,72.58,60.9462
464,23.33,1.0,2.04,1.92,0.2607999999999999,34.0,59.0736
465,31.39,1.0,3.63,0.86,0.19,28.43,36.0271
466,14.59,2.0,3.4208000000000003,0.86,0.21,44.14,25.1968
467,10.22,2.0,3.5,0.63,0.23,59.81,23.694900000000004
468,23.72,3.0,2.22,1.89,0.15,39.05,52.9083
469,18.31,1.0,4.05,1.37,0.21,64.22,42.6209
470,29.6,2.0,3.51,1.5,0.18,24.02,52.2336
471,4.81,1.0,4.3,1.87,0.28,117.44,46.1779
472,48.75,2.0,3.46,1.02,0.46,17.41,61.1936
473,49.32,1.0,2.45,1.43,0.14,112.17,88.6814
474,35.21,4.0,3.94,0.56,0.39,110.06,66.581
475,27.27,3.0,2.52,0.78,0.37,65.42,47.996
476,16.17,1.0,4.62,1.75,0.14,83.66459999999992,45.28790000000001
477,40.88,4.0,3.3368999999999995,1.65,0.47,55.15,97.2125
478,34.55,1.0,2.47,1.03,0.3830000000000002,61.80560000000001,63.615
479,8.97,1.0,4.89,1.07,0.25,44.17,25.5304
480,45.64,4.0,3.56,1.3,0.4,39.63,78.744
481,41.3,1.0,2.22,0.6589,0.2,71.5,37.17
482,47.54,1.0,3.88,0.86,0.38,68.15180000000002,68.4308
483,36.56,3.0,2.76,0.81,0.12,61.34250000000001,40.9716
484,31.06,4.0,4.41,0.88,0.44,37.97,48.4496
485,21.49,4.0,4.45,1.71,0.28,47.2,54.4139
486,46.7,2.0,4.94,1.0199,0.35,14.65,53.0315
487,43.44,1.0,3.51,0.79,0.19,11.01,39.9195
488,3.22,3.0,3.36,0.9849000000000001,0.37,34.15,20.0527
489,2.29,1.0,4.26,1.8,0.41,13.54,13.9334
490,19.45,1.0,2.4,0.86,0.29,16.93,24.0367
491,40.72,2.0,3.64,0.62,0.35,98.49,63.3579
492,49.38,1.0,3.64,1.03,0.28,9.47,57.153000000000006
493,8.37,3.0,2.27,1.62,0.44879999999999953,80.78,52.9882
494,30.11,3.0,3.25,1.33,0.3,36.34,54.1983
495,19.66,2.0,4.56,1.73,0.44,105.23,84.873
497,42.26,3.0,2.3,1.69,0.26,40.14,84.1558
498,42.08,1.0,2.27,1.41,0.19,64.53,73.86349999999999
499,23.97,1.0,2.79,1.24,0.26,48.93,45.2346
500,21.33,1.0,4.62,0.56,0.43,69.89,46.61750000000001
501,14.4,2.0,2.39,1.98,0.19,18.17,34.3543
502,3.76,2.6,4.16,1.08,0.31,119.65,45.31230000000001
503,43.37,3.0,2.3,0.73,0.42,53.94,56.61489999999999
504,40.83,1.0,3.87,1.5,0.24,45.05,75.92699999999999
505,49.99,3.0,3.07,0.93,0.36,86.67,80.7619
507,28.22,3.0,2.7,1.38,0.14,100.83,55.7598
508,38.68,2.89,3.92,1.17,0.42,57.24,73.2164
509,47.29,1.0,2.71,1.75,0.14,87.75,97.75249999999998
510,42.63,1.0,4.14,0.8885000000000002,0.21,17.36,46.15260000000001
511,13.12,3.0,4.62,1.17,0.44,102.3,64.9824
512,23.08,4.0,2.38,1.31,0.24,89.61,54.1212
513,7.33,2.0,4.6,1.5,0.49,29.35,29.9765
514,47.75,4.0,3.78,1.68,0.49,38.426700000000025,94.6379
515,30.7,4.0,2.38,1.09,0.21,41.37,44.5307
516,12.2,1.0,3.28,1.47,0.12,117.25,35.284
517,33.91,2.0,2.48,0.73,0.38,34.54,40.3595
518,31.29,2.95,4.1,1.9,0.28,57.45,79.637
519,18.55,1.0,4.28,1.07,0.14,49.9587,25.3115
520,6.56,4.0,2.32,1.59,0.38,50.68,32.0088
521,33.91,4.0,3.823800000000001,0.53,0.11,51.469799999999985,29.2693
522,26.5,1.0,4.44,0.81,0.45,114.61,77.4795
523,38.84,1.0,4.81,1.23,0.2395000000000002,64.42,62.89040000000001
524,26.49,1.0,3.54,1.82,0.15,99.2,66.6318
525,42.76,2.0,4.85,1.29,0.17,67.92,71.5568
526,28.04,4.0,3.61,1.89,0.48,9.69,61.2568
527,28.49,2.78,3.18,1.23,0.38,41.23,53.8901
528,43.96,3.0,4.54,1.24,0.42,71.19,88.9502
529,20.77,4.0,3.48,1.1862999999999995,0.26,69.9949,47.3268
530,7.57,3.0,3.42,1.7,0.23,103.8,40.163
531,2.41,2.0,3.47,0.87,0.19,31.26,11.5061
532,38.0,2.17,4.54,1.85,0.29,30.31,83.6299
533,31.4,3.0,4.5,1.87,0.32,28.13,72.2196
534,35.5,2.0,3.21,1.91,0.35,111.09,109.89649999999996
535,11.44,1.0,3.0,1.28,0.2,103.06,38.2552
536,7.68,3.0,3.48,1.52,0.48,94.11,60.32639999999999
537,1.71,3.0,3.72,1.67,0.17,50.16,15.1029
538,18.18,2.0,2.72,0.7,0.49,63.0,46.316
539,29.91,1.0,4.38,1.4,0.11,58.4,52.678
540,20.22,1.0,3.46,0.55,0.2415,34.14,24.4816
541,22.44,3.0,3.0,1.25,0.23,63.08,45.5584
542,45.3,3.0,2.32,0.73,0.28,8.51,37.7718
543,18.06,3.0,2.72,0.77,0.33,20.16,23.279
544,26.19,1.0,4.85,1.05,0.27,106.96,61.2287
545,39.4,2.0,2.92,1.15,0.27,91.44,72.9188
546,20.43,2.0,2.51,1.43,0.39,53.63,52.6406
547,31.48,1.0,3.38,0.61,0.37,64.47,46.4367
548,43.26,4.0,2.92,1.26,0.43,47.55,77.8741
549,47.53,2.0,2.11,0.77,0.2,90.19,56.7461
550,8.21,3.0,2.97,1.36,0.34,95.18,46.49680000000001
551,46.4,4.0,3.63,1.46,0.33,92.78,101.9914
552,25.11,4.0,3.66,1.34,0.25,88.1,59.3324
553,23.5,4.0,3.34,1.0,0.23,43.87,36.9301
554,49.02,4.0,4.9,1.65,0.16,59.03,95.2278
555,25.14,2.0,3.13,1.15,0.19,43.04,40.2186
556,17.11,2.1,2.77,1.23,0.16030000000000005,91.82,36.6701
557,31.752599999999997,4.0,2.73,1.47,0.37,42.88,65.6944
558,12.77,3.0,3.37,0.53,0.2600999999999998,20.9,17.662100000000002
559,4.72,1.0,4.28,1.48,0.48,50.89,35.6928
560,7.32,4.0,2.62,1.43,0.39,117.69,58.9867
562,8.44,3.0,2.06,0.63,0.45,75.4,41.30720000000001
563,7.8,3.01,3.26,0.64,0.45,56.80100000000003,32.9075
564,32.4,4.0,4.33,1.88,0.28,13.17,68.9296
565,9.91,1.0,3.02,1.53,0.33,61.11,38.348600000000005
566,17.94,1.0,3.69,0.69,0.49,85.75,58.0861
567,44.94,1.0,2.61,1.04,0.31,64.02,69.1938
568,24.22,2.0,4.23,1.39,0.46,102.29970000000007,86.3292
569,33.71,2.0,3.113699999999999,1.75,0.13,38.23,66.1224
570,9.44,1.0,4.56,0.57,0.18,14.92,12.6264
571,10.42,1.0,3.8768999999999987,0.85,0.28,112.71,43.0058
572,3.0,2.0,4.62,1.83,0.33,48.49,26.111700000000003
573,9.28,3.0,3.06,0.51,0.43,71.29,38.447500000000005
574,14.65,4.0,4.17,0.8,0.5,96.08,63.93
575,9.67,4.0,2.96,1.94,0.26,42.3,32.7178
576,5.35,1.0,4.72,1.42,0.12,87.36,22.8002
577,6.91,3.0,2.38,0.89,0.42,20.57,17.1693
578,23.58,2.0,2.54,0.6,0.34,38.5,29.778
579,11.11,1.0,3.48,0.54,0.18,21.64,13.3746
580,18.85,3.0,2.25,0.87,0.3,98.29,48.1365
581,25.67,3.0,2.59,1.82,0.4,30.6,61.54940000000001
582,34.83,3.0,4.83,1.12,0.41,87.5,79.71459999999999
583,2.93,2.0,4.93,1.58,0.3,113.48,43.60339999999999
584,40.17,2.0,3.13,1.88,0.22,65.69,93.1014
585,31.77,4.0,4.77,1.11,0.49,67.1,72.9137
586,5.01,4.0,3.63,0.79,0.37,58.02,29.055300000000003
587,43.81,3.0,2.81,1.28,0.26,42.48,69.9316
588,46.12,3.0,4.11,1.86,0.21,59.7,102.4302
590,14.57,4.0,4.97,0.6,0.1581999999999999,118.39,37.39
591,40.5,3.0,2.8,1.54,0.27049999999999974,112.84,84.3528
592,37.66,4.0,4.02,1.36,0.31,104.15,87.5241
593,10.04,2.32,2.16,1.86,0.22,107.25,44.4294
594,11.26,3.0,2.34,0.68,0.28649999999999987,58.8,30.5768
595,19.15,2.0,2.01,1.3,0.15,80.61,38.9965
596,24.74,3.0,5.0,1.82,0.36,107.93,88.8816
597,19.08,4.0,4.36,1.22,0.1,115.6,39.1976
598,23.66,3.0,3.53,0.61,0.15,52.82,25.8856
599,37.63,2.0,2.9,0.92,0.3898000000000001,74.12,72.356
600,2.8,3.0,2.45,1.4536999999999989,0.45,86.63,44.2055
601,13.37,2.0,2.85,1.92,0.19,114.32,50.2412
602,35.95,2.0,3.13,0.92,0.41,33.13,49.78730000000001
603,27.07,1.0,2.23,0.74,0.25,35.88,31.2318
604,6.25,4.0,2.05,1.23,0.37,94.31,44.6322
605,22.92,3.0,2.31,1.61,0.13,68.51,48.11750000000001
606,27.1,4.0,3.7390000000000003,1.8,0.26,81.01,73.0726
607,12.88,2.0,4.8,1.44,0.49,42.13,43.9909
608,14.19,1.0,3.91,1.5,0.32,77.32300000000002,44.507000000000005
609,19.49,4.0,4.41,0.69,0.22,76.0,34.5781
610,15.034999999999993,4.0,3.08,0.7,0.38,27.81,25.3938
611,11.36,1.0,3.5158,1.66,0.36,115.59,62.8
612,6.87,4.0,4.35,1.9,0.48,89.4,60.315
613,44.64,1.0,2.5,1.58,0.11,52.27,78.7809
614,30.09,2.59,3.54,1.63,0.22,45.84,62.6715
615,36.93879999999998,2.0,3.46,0.83,0.47,51.82,56.2678
616,39.67,1.0,3.88,1.16,0.23,52.06,61.871
617,25.42,4.0,4.84,1.43,0.2,67.58,54.7066
618,5.26,1.0,3.74,1.65,0.31,67.5,33.344
619,27.32,2.0,3.62,0.66,0.43,62.17,48.3843
620,29.76,3.0,2.15,1.94,0.14,20.5,62.7544
621,37.53,4.0,2.19,1.84,0.48,62.05,101.0292
622,22.15,2.0,2.56,0.91,0.42,24.45,32.985499999999995
623,7.25,2.19,2.1,1.73,0.17,19.51,17.9592
624,14.91,1.0,4.23,1.28,0.38,112.25,65.9698
625,18.79,3.0,4.17,1.19,0.25,74.57,45.1726
626,28.97,3.0,4.51,1.37,0.41,51.21,65.195
627,18.45,4.0,2.46,1.59,0.49,109.53,85.4652
628,49.34,4.0,3.7281000000000013,1.12,0.15,78.36,69.91480000000001
629,30.68,1.0,2.75,1.44,0.27,93.45,72.16069999999999
630,12.62,3.0,3.12,1.55,0.29,47.38,36.4212
631,5.99,3.0,2.76,1.57,0.25,115.4,41.014300000000006
632,8.49,2.53,3.47,1.1280000000000001,0.25,99.35,33.2317
633,13.05,1.0,3.22,1.79,0.12,103.2,38.9635
634,8.87,3.0,4.96,1.19,0.37,24.8,24.6913
635,14.97,2.0,2.43,0.86,0.18,37.85,22.1172
636,9.5,1.0,2.16,1.22,0.43,36.15,29.2945
638,4.93,1.0,2.16,1.07,0.29,8.67,9.9494
639,26.7,4.0,4.51,1.62,0.22,13.75,50.789
640,21.11,3.0,3.54,0.65,0.36,36.5,30.4015
641,49.14,3.0,3.58,1.21,0.22,27.99,69.1972
642,20.49,1.0,2.51,1.66,0.39,96.76,74.2598
643,48.5,4.0,2.59,0.82,0.12,66.8578,50.7312
644,43.41,2.0,2.96,1.25,0.14,5.66,58.0149
645,41.04,2.16,3.78,0.85,0.1,54.37,44.101
646,13.64,2.0,2.63,1.11,0.16,51.91,26.076
647,9.37,1.0,2.35,1.67,0.13,18.1,20.3509
648,33.76,1.0,3.228,1.66,0.5,82.76,102.3316
649,46.54,2.0,2.07,0.84,0.22,85.74,60.0264
650,28.28,2.0,4.41,1.88,0.16,87.9,71.6404
651,29.01,2.0,4.36,1.39,0.2,88.77,62.4379
652,14.72,4.0,2.89,1.07,0.47,5.01,20.9951
653,38.71,2.0,2.41,1.25,0.31,114.7,86.3545
654,10.17,1.0,3.7539000000000016,1.41,0.25,98.63,41.4372
655,16.86,1.0,4.09,1.34,0.45,108.96,75.7144
656,21.85,3.0,3.93,1.23,0.26,6.8,32.5735
657,25.87,2.0,4.35,1.26,0.23,112.39,62.7959
658,12.88,4.0,4.81,0.76,0.18,98.13,32.2622
659,6.63,4.0,4.08,1.72,0.25,101.28,40.8036
660,30.92,4.0,2.47,1.31,0.23,15.73,46.5931
661,15.14,3.0,2.73,0.7,0.37,89.96,46.61319999999999
662,29.48,2.82,4.53,1.65,0.22,115.39,78.5578
663,8.56,4.0,2.63,1.3971000000000011,0.33,83.03,46.2939
664,24.58,1.0,2.22,1.92,0.13,70.61,58.59289999999999
665,27.1,3.0,4.11,1.05,0.18,113.75,53.040000000000006
666,3.54,2.0,3.21,0.7,0.26,55.94,20.2324
667,17.49,2.0,4.76,1.28,0.47,73.92,61.8896
668,7.59,2.0,3.95,0.67,0.25,59.78,23.9803
669,4.11,4.0,2.27,1.9,0.37,112.28,51.6226
670,49.51,2.0,4.84,0.78,0.2,13.75,46.207800000000006
671,16.8,4.0,2.78,0.88,0.17939999999999998,62.63,26.9585
672,40.68,3.0,3.01,1.11,0.12,84.0,58.2448
673,13.48,3.0,3.21,1.07,0.22,96.07,38.769
674,34.39,4.0,2.15,1.69,0.16,72.05,71.7971
675,38.25,1.0,3.49,1.18,0.17,109.53,67.24510000000001
676,30.19,2.0,2.37,0.76,0.4,113.33,70.6464
677,24.11,2.0,3.2,0.9,0.11,12.4,26.263
678,21.18,2.0,3.05,1.26,0.32,51.27,46.1432
679,18.09,4.0,4.32,0.72,0.25,7.7,19.2698
680,46.55,3.0,4.41,1.42,0.3,42.88,83.375
681,41.7,2.0,2.46,1.35,0.33,66.74,80.7792
682,48.29,3.0,3.1,1.57,0.23,109.74,104.1555
683,7.09,2.0,3.5396000000000014,1.91,0.22,102.35,39.1789
684,36.81,2.0,2.45,1.87,0.39,19.66,78.95210000000002
685,46.98,4.0,4.4,1.92,0.45,15.7,101.6666
686,9.88,1.0,4.12,0.87,0.18,72.77,25.8142
687,4.26,4.0,2.57,0.7,0.14,66.19,14.8186
688,37.31,2.0,3.1,0.95,0.46,35.63,54.9343
689,29.15,2.0,2.32,1.84,0.24,108.44,81.9816
691,7.85,3.0,2.36,1.2199000000000004,0.24,51.3,28.7235
692,39.97,3.0,4.96,0.67,0.15,107.38,47.846900000000005
693,10.88,2.0,3.611900000000002,1.92,0.34,75.46199999999996,41.9406
694,9.05,2.0,3.74,0.51,0.18,59.73,19.1069
695,40.91,1.0,4.73,1.16,0.28,19.1,57.53359999999999
696,33.59,1.0,3.66,0.57,0.42,111.71,69.7245
697,26.63,2.0,2.52,1.3355,0.34,57.22,57.1264
698,22.175100000000008,1.0,3.14,0.8580999999999999,0.14,89.47,34.4316
699,43.98,4.0,4.53,1.21,0.32,47.22,72.8562
700,20.23,2.37,3.93,1.42,0.38,7.17,35.3812
701,41.01,1.0,3.95,1.8,0.42,16.56,84.7232
702,19.47,2.0,4.68,1.15,0.16,84.35,40.56649999999999
703,23.67,1.0,4.76,1.73,0.38,43.49,62.2353
704,15.77,3.0,2.28,1.86,0.37,97.7578,63.0548
705,37.63,4.0,3.63,0.68,0.11,85.34,38.6058
706,25.63,3.0,4.22,1.3,0.26,85.95,59.886
707,12.38,2.0,4.27,0.93,0.23,61.64,29.9606
708,45.08,2.0,3.82,0.57,0.4006000000000002,110.21,70.29329999999999
709,19.81,3.0,2.5,1.5,0.19,61.26,43.8544
711,45.42,3.0,4.16,0.74,0.47,27.93,50.89789999999999
712,31.59,3.0,2.26,1.72,0.42,40.38,73.5544
713,6.73,4.0,3.39,1.78,0.47,9.87,20.0083
715,31.76,3.0,3.01,0.9,0.1,33.58,34.952
716,7.82,2.0,3.2,0.98,0.27,93.64,36.1464
717,39.91,4.0,3.65,1.33,0.44,42.63,75.4875
718,31.38,4.0,3.86,0.58,0.2,32.85,28.6304
719,27.14,2.0,3.99,0.57,0.49,24.44,31.4354
720,44.8,1.0,4.51,1.58,0.35,94.11,108.2325
721,39.64,4.0,2.65,1.17,0.42,19.92,57.3952
722,16.27,1.0,4.55,0.79,0.17,68.95309999999995,28.164300000000004
723,13.18,4.0,2.47,1.5,0.4,84.05,55.86
724,37.45,4.0,4.92,0.5,0.11,77.83,32.2063
725,2.64,1.0,4.53,1.71,0.43,98.23,51.2833
726,28.92,1.0,3.5,0.62,0.11,10.15,22.5469
727,38.36,3.0,4.94,0.79,0.36,39.09,49.3168
728,43.96,2.0,2.29,1.08,0.25,37.22,59.0718
729,17.76,2.0,2.91,1.1947999999999999,0.34,21.79,32.1634
730,41.24,1.0,3.91,1.03,0.38,38.26,60.92600000000001
731,7.7747,1.0,3.05,0.98,0.24,32.3225,19.0904
732,42.48,4.0,4.79,1.95,0.14,65.02,96.7288
733,7.25,3.0,2.2,1.46,0.13,81.33,23.3579
734,20.47,3.0,3.65,0.6812999999999997,0.34,48.83,31.306
735,39.08169999999999,1.0,3.77,1.15,0.31,87.74,77.0499
736,8.35,4.0,3.96,1.81,0.4,43.66,36.5375
737,12.23,4.0,2.77,0.95,0.3,38.38,25.9025
738,36.39,2.0,3.09,0.64,0.27,67.24,44.5344
739,36.28,2.0,4.53,1.64,0.33540000000000014,7.73,66.039
740,32.42,4.0,2.58,1.41,0.11,14.18,49.852
741,35.0,2.0,4.48,1.36,0.23,53.07,64.2861
742,27.59,1.0,3.69,0.58,0.49,113.43,75.27289999999999
743,13.34,4.0,4.29,0.71,0.45,87.97,53.3479
744,17.94,2.0,4.14,1.43,0.31610000000000016,15.13,33.2741
745,9.9,3.0,2.62,0.81,0.34,102.33,45.4312
746,45.51,4.0,3.71,1.26,0.44,89.21,100.305
747,29.59,4.0,4.6,1.32,0.28,75.26,64.73160000000001
748,20.64,3.0,3.3,0.93,0.11,99.33,33.4215
749,47.42,3.0,3.36,1.7306999999999997,0.3,30.47,95.9602
750,8.51,4.0,2.43,1.58,0.49,63.88,47.177
751,29.73,1.0,3.17,0.7537999999999997,0.38,68.12,47.488200000000006
752,25.79,2.0,4.86,0.66,0.13,66.91,30.5797
753,30.96,2.0,2.96,1.24,0.18,69.98,53.9468
754,1.89,2.0,4.6,0.74,0.41,114.1,52.77959999999999
756,41.25449999999998,2.13,3.05,0.74,0.35,105.71,74.58429999999998
758,35.14,2.0,4.17,1.05,0.11,113.49,53.550900000000006
759,46.2,1.0,2.93,1.46,0.43,16.33,77.40390000000001
760,35.65,4.0,4.35,0.69,0.42,35.49,43.8543
761,8.47,2.0,3.33,1.15,0.2,61.93,25.4565
762,29.24,4.0,3.46,0.91,0.38,86.56460000000003,68.9614
763,30.73,3.0,4.33,1.83,0.19,63.09,72.553
764,21.78,4.0,3.15,0.56,0.12,91.02,26.2692
765,37.09,4.0,3.33,1.87,0.18,63.211600000000026,76.46470000000001
766,46.78,3.0,3.13,1.75,0.17,34.03,90.7801
767,46.35,1.0,3.1,0.95,0.24,89.15,68.52850000000001
768,23.09,3.0,3.58,1.68,0.26480000000000004,23.94,48.835
769,6.55,3.0,4.43,0.55,0.3,45.41,21.6555
770,49.26,4.0,3.09,1.95,0.29,35.46,109.4304
771,42.11,1.0,3.57,1.29,0.21,45.23,67.3902
772,7.11,2.0,4.01,0.95,0.11,86.46,20.2751
773,42.299299999999974,3.0,2.81,1.04,0.34,65.561,66.85679999999999
774,43.62,2.27,2.83,0.6,0.26,68.86,46.90559999999999
775,26.42,3.0,4.8,1.98,0.22,16.49,60.7394
776,29.97,3.0,4.17,0.56,0.45,97.58,64.86420000000001
777,20.55,3.0,3.73,1.48,0.4,47.54,53.16
778,3.68,3.0,3.94,1.16,0.44,79.58,43.224
779,17.42,4.0,2.09,1.92,0.3,88.42,62.0624
780,40.34,1.0,3.85,0.87,0.15,29.11,43.31230000000001
781,1.23,1.0,3.53,1.3,0.38,106.74,45.6902
782,16.146100000000004,1.0,3.64,1.22,0.18,75.87,38.4514
783,20.51,3.0,3.08,1.55,0.28,54.3,50.07450000000001
784,27.33,4.0,2.24,0.6,0.13,25.97,22.0141
785,46.07,3.0,2.58,0.79,0.43,113.36,87.7201
786,17.97,3.0,4.85,0.82,0.15,91.83,33.3599
787,18.0,1.0,3.23,1.61,0.46,28.92,45.513200000000005
788,37.14,3.0,3.4,0.78,0.45,43.84,52.0972
789,23.16,2.0,2.16,1.36,0.26240000000000013,98.11,62.1095
790,12.91350000000001,3.0,2.11,0.82,0.4,85.0,45.9582
791,23.17,2.0,4.15,1.79,0.35,93.07,78.1988
792,7.9,3.0,3.61,1.91,0.42,55.74,42.1098
793,9.64,4.0,3.53,1.28,0.2839,87.39,39.4645
794,25.42,4.0,2.73,1.03,0.41,49.45,49.1871
796,45.83,3.0,2.5,0.57,0.48,85.59019999999997,65.9479
797,18.76,2.0,2.57,0.9,0.29,117.24,53.4536
798,38.253699999999974,3.0,2.86,1.3,0.41,58.01,68.2181
799,1.64,2.0,2.74,1.92,0.43,82.51,41.3681
800,33.51,4.0,3.94,1.09,0.32,67.27,61.9923
801,9.72,2.0,3.95,1.54,0.17,101.99,36.2571
802,48.09,1.0,4.47,1.23,0.29,92.6,90.4747
803,8.28,4.0,3.25,1.27,0.49,11.7,19.4986
804,32.840800000000016,4.0,2.22,0.9,0.4,119.82,69.336
805,8.055999999999997,4.0,2.82,1.18,0.42,91.53,47.375
806,49.85,3.0,4.94,1.21,0.11,104.35,76.737
807,25.61,3.0,3.79,1.56,0.29,79.89,66.9097
808,30.17,4.0,4.13,1.91,0.36,103.47,99.0039
809,4.29,3.0,2.02,0.99,0.43,17.92,13.9727
810,37.75,2.0,3.55,0.56,0.12,44.99,30.0888
811,11.29,3.0,2.11,1.3284999999999996,0.44,105.79,62.6572
812,45.0,3.0,3.71,1.32,0.32,28.19,72.13080000000001
813,11.05,4.0,4.76,0.75,0.18,14.0,15.5675
814,10.34,1.0,4.91,1.64,0.2791,95.63,43.8625
815,2.79,1.0,3.62,1.98,0.21,101.08,30.371
816,24.13,1.0,3.37,1.92,0.31,23.71,57.0497
817,28.68,2.0,4.84,0.9418000000000005,0.12,103.25,40.174
818,4.22,3.0,4.02,1.81,0.16,83.98,25.095
819,39.0,1.0,2.19,1.56,0.43,64.81,90.8983
820,23.21,4.0,3.4,1.18,0.15,100.48,45.85979999999999
821,26.7,1.0,2.72,1.31,0.19,53.21,47.8069
822,22.6,1.0,3.41,1.77,0.28,27.31,51.058800000000005
823,20.64,3.0,3.37,1.22,0.31,37.76,40.2564
824,28.42,3.0,3.75,1.06,0.41,63.09,59.74210000000001
825,8.61,3.0,3.07,1.24,0.28,66.1,32.2544
826,9.91,2.0,2.49,1.2841999999999996,0.42,97.64,57.075500000000005
827,43.23,2.0,3.51,0.78,0.35,96.01,70.8329
828,47.36,1.0,2.705700000000001,1.85,0.15,71.86,102.885
829,19.29,3.0,3.99,1.51,0.16,94.79,48.2843
830,24.977700000000006,4.0,4.81,0.65,0.26,10.76,28.7716
831,21.03,4.0,4.74,1.41,0.4,105.47,76.5803
832,2.24,3.0,2.63,0.68,0.33,13.69,8.6709
833,8.65,3.0,2.12,0.62,0.26,33.37,16.1592
834,36.08,4.0,3.3757999999999995,1.29,0.17,84.96,65.2064
835,33.29,3.0,4.48,1.1,0.19,52.09,50.996100000000006
836,2.33,2.0,3.1074999999999995,1.38,0.33,105.78,43.0228
837,11.88,2.0,4.67,0.63,0.27,39.27,22.7573
838,12.32,3.0,3.8,1.15,0.31,6.37,19.9427
839,33.92,4.0,3.59,0.76,0.17,39.58,36.09780000000001
840,1.97,1.0,2.08,1.98,0.37,71.48,32.428200000000004
841,6.1,3.0,2.74,1.34,0.4136000000000001,48.23,32.1352
842,40.2,3.0,3.38,1.53,0.2,66.51,78.18800000000002
843,9.75,1.0,3.89,0.99,0.3,105.81,45.2855
844,32.98,3.0,3.67,0.64,0.49,109.94,78.64779999999999
845,12.67,1.0,3.2855000000000008,1.96,0.23,35.59,37.2489
846,5.87,4.0,2.84,0.93,0.34,58.15,28.0701
847,36.39,4.0,2.26,1.47,0.34,114.15,94.5643
848,42.93,2.0,3.24,0.54,0.14,119.84,43.19980000000001
849,20.46,2.73,4.08,1.3,0.39,88.6,65.232
850,33.74,4.0,4.97,0.92,0.42,48.47,56.3682
851,11.04,2.0,2.83,0.59,0.38,5.93,11.596999999999998
852,15.36,1.0,3.49,0.74,0.34,6.06,16.9168
853,44.92,2.0,2.99,1.84,0.28,57.97,101.8744
854,1.64,3.0,3.32,1.53,0.44,61.16,32.7396
855,5.19,4.0,4.57,0.87,0.48,7.6,12.7333
856,11.19,3.0,4.05,0.6,0.3,84.0,35.964
857,2.3,1.0,3.2819999999999987,1.54,0.47,38.81,26.4327
858,9.89,2.0,2.61,1.36,0.33,69.39,38.95910000000001
859,29.57,3.0,4.62,1.11,0.32,39.61,50.117900000000006
860,21.65,3.0,2.18,1.05,0.3316000000000002,24.22,31.6941
861,44.74,2.1,4.67,0.83,0.18,51.82,51.1318
862,41.05,2.0,2.99,1.5,0.1,31.71,67.736
863,17.75,4.0,3.5113,1.96,0.2,66.5,51.03
864,13.71,3.0,3.54,0.76,0.3,27.87,22.3206
865,19.6,3.0,4.82,1.4,0.26100000000000007,63.47,48.127500000000005
866,14.14,4.0,3.06,1.101499999999999,0.49,82.16,59.8622
867,31.58,1.0,4.57,0.88,0.24,91.7,54.3684
868,21.06,3.0,3.19,1.74,0.28,17.7,44.7904
869,28.05,1.0,2.6,1.23,0.15,58.8,45.9215
870,22.37,3.0,3.27,1.32,0.12,13.15,34.376400000000004
871,15.43,3.0,3.16,0.96,0.41,73.79,48.2267
872,47.47,1.0,4.75,0.931,0.33,35.41,52.9872
873,38.42,1.0,4.29,0.63,0.4,65.68,54.76660000000001
874,7.87,2.0,3.52,1.57,0.16,64.51,26.1975
875,24.88,2.0,3.4,1.54,0.2,68.14,55.3432
876,44.83,3.0,2.17,1.09,0.19,72.04,64.7223
877,40.19,1.0,2.79,1.12,0.1,51.19,52.9218
878,21.84,4.0,3.31,1.2,0.15,114.14,46.639
879,2.1,3.0,3.6551000000000005,1.05,0.22,94.38,25.4386
880,14.17,4.0,4.84,0.65,0.15,37.82,19.7235
881,27.54,1.0,4.3,0.96,0.49,102.08,80.7576
882,32.04,3.0,3.617200000000003,1.5,0.22,54.73,62.9006
883,13.64,4.0,3.77,1.5,0.15,100.3,39.275
884,7.83,4.0,4.16,0.93,0.18,99.63,29.3753
885,41.91,2.0,4.82,1.19,0.34,26.72,63.7777
886,49.24,2.0,4.64,0.79,0.13,85.63,54.67150000000001
887,26.76,2.0,3.55,0.82,0.44,38.42,42.398
888,9.41,3.0,4.32,0.53,0.48,39.21,28.1281
889,14.34,1.0,3.69,1.85,0.23699999999999996,50.6832,38.035
890,1.9,1.0,3.66,0.82,0.28,88.44,29.9812
891,6.77,2.0,2.38,0.92,0.36,5.1,10.4444
892,26.92159999999998,2.0,3.59,0.69,0.27,87.25,47.33
893,14.43,4.0,2.81,1.46,0.21,24.69,29.0627
894,28.15,2.0,2.06,0.61,0.18,17.02,22.2951
895,32.92,4.0,4.17,0.7,0.36,32.31,38.8456
896,42.062499999999964,1.0,2.1,1.47,0.27,48.69,76.48649999999999
897,11.11,3.0,3.79,1.01,0.17,59.73,25.1652
898,1.54,3.0,3.62,1.56,0.38,10.13,9.8718
899,7.71,3.0,4.91,1.4442000000000002,0.33,116.62,53.726
900,45.1,3.0,3.0133999999999976,0.88,0.44,87.35,81.572
901,43.82,4.0,2.19,1.48,0.15,42.17,73.3691
902,30.27,4.0,3.66,0.67,0.41,41.65,41.0174
903,30.43,2.0,4.52,1.3,0.37,56.58,65.0136
904,33.59,4.0,4.99,1.16,0.15,77.02,55.5074
905,9.59,2.0,3.29,0.9,0.38,21.83,20.2164
906,45.81,2.0,3.6143,1.41,0.28,26.73,75.03649999999999
907,21.52,3.0,4.72,1.81,0.48,103.83,93.5096
908,19.77,4.0,2.57,2.0,0.16,34.47,47.6252
909,26.43,4.0,3.85,1.41,0.36,48.72,58.65549999999999
910,3.3,2.0,3.22,1.11,0.25,105.2,33.183
911,9.15,2.0,2.12,0.84,0.48,81.26,48.8108
912,37.16,1.0,3.04,0.89,0.23,44.3,46.3014
913,5.06,1.0,2.8,1.22,0.48,83.63,49.11559999999999
914,26.176499999999997,2.0,4.06,1.05,0.46,7.26,39.4771
915,13.02,1.0,4.85,1.87,0.31600000000000017,89.6,48.0134
916,20.08,1.0,2.8,1.05,0.42,57.57489999999998,49.5082
917,15.15,2.0,4.43,1.06,0.5,98.52,69.749
918,18.43,2.0,2.17,1.08,0.2,114.78,45.03040000000001
919,36.23,4.0,3.61,1.7778999999999991,0.27,97.43039999999993,97.1094
920,15.56,2.0,2.21,1.48,0.38909999999999983,109.57,59.2055
921,28.75,2.0,4.8,1.42,0.22,63.9,59.68299999999999
922,24.33,3.0,4.3,1.0,0.11,46.42,33.7362
923,31.593899999999998,4.0,3.97,1.73,0.19,58.48,73.0708
924,46.9,4.0,4.47,0.56,0.21,84.34,48.44540000000001
925,36.9,4.0,3.94,1.81,0.28,106.66,100.5938
926,11.53,3.0,4.91,1.27,0.17,47.82539999999999,24.4491
927,2.53,2.0,4.14,1.1,0.45,110.59,56.688500000000005
928,13.85,4.0,4.77,1.25,0.38,98.75,59.6075
929,3.52,2.92,2.35,1.5160999999999998,0.36,106.23,42.4232
930,25.32,4.0,3.58,1.81,0.36,37.19,62.7976
931,30.25,2.0,2.38,1.17,0.48,17.18,46.0189
932,17.38,2.0,3.78,1.01,0.1,17.91,23.1248
933,38.77,1.0,3.45,0.71,0.2,38.49,38.6747
934,6.22,4.0,3.87,1.16,0.47,75.63,46.6313
935,4.68,4.0,2.03,1.24,0.47,97.5,53.6582
936,36.68,4.0,2.58,1.11,0.39,108.41,85.5747
937,25.28,3.0,3.47,1.52,0.3266999999999997,76.73,73.3549
938,34.73,4.0,4.85,1.13,0.14,5.65,44.88589999999999
939,22.31,2.0,3.15,1.94,0.31,26.43,54.6247
940,13.07,2.0,3.27,1.4,0.19,16.47,24.6973
941,41.14,3.0,4.14,1.71,0.17,46.78,82.44200000000001
942,40.17,3.0,3.81,0.66,0.42,62.66,56.6394
943,14.34,1.0,3.23,1.01,0.29,45.07,30.7837
944,29.436499999999995,3.0,2.65,1.35,0.28990000000000016,25.61,55.3348
945,18.69,3.0,4.9,1.79,0.17,79.41,51.8548
946,5.49,4.0,2.39,0.62,0.49,58.39,34.4049
947,45.95,4.0,3.12,0.61,0.4076999999999999,61.96,62.12950000000001
948,7.7,3.0,2.08,1.78,0.39280000000000004,54.18,33.1236
949,47.56,1.0,2.67,0.82,0.17,114.94,61.209
950,22.85,3.0,4.34,1.6210000000000002,0.23,29.69,45.44370000000001
